album_type,popularity
album,86.67556322305663
compilation,78.46341463414635
single,90.13035870516185
