is_explicit,popularity
False,87.98740048459675
True,87.30357008643367
